{
    "Random Forest": {
        "accuracy": 0.8562320688555946,
        "precision": 0.8652147627256342,
        "recall": 0.8562320688555946,
        "f1-score": 0.8365184976934595
    },
    "XGBoost": {
        "accuracy": 0.8527255339496335,
        "precision": 0.8512628677060141,
        "recall": 0.8527255339496335,
        "f1-score": 0.8367745292025787
    },
    "SVM": {
        "accuracy": 0.8004462862607586,
        "precision": 0.7872993977269087,
        "recall": 0.8004462862607586,
        "f1-score": 0.7533399710997976
    },
    "Logistic Regression": {
        "accuracy": 0.7708001275103602,
        "precision": 0.7541227568697785,
        "recall": 0.7708001275103602,
        "f1-score": 0.6991495153052334
    }
}